Date_reported,Country_code,Country,WHO_region,New_cases,Cumulative_cases,New_deaths,Cumulative_deaths
2020-01-03,PK,Pakistan,EMRO,0,0,0,0
2020-01-04,PK,Pakistan,EMRO,0,0,0,0
2020-01-05,PK,Pakistan,EMRO,0,0,0,0
2020-01-06,PK,Pakistan,EMRO,0,0,0,0
2020-01-07,PK,Pakistan,EMRO,0,0,0,0
2020-01-08,PK,Pakistan,EMRO,0,0,0,0
2020-01-09,PK,Pakistan,EMRO,0,0,0,0
2020-01-10,PK,Pakistan,EMRO,0,0,0,0
2020-01-11,PK,Pakistan,EMRO,0,0,0,0
2020-01-12,PK,Pakistan,EMRO,0,0,0,0
2020-01-13,PK,Pakistan,EMRO,0,0,0,0
2020-01-14,PK,Pakistan,EMRO,0,0,0,0
2020-01-15,PK,Pakistan,EMRO,0,0,0,0
2020-01-16,PK,Pakistan,EMRO,0,0,0,0
2020-01-17,PK,Pakistan,EMRO,0,0,0,0
2020-01-18,PK,Pakistan,EMRO,0,0,0,0
2020-01-19,PK,Pakistan,EMRO,0,0,0,0
2020-01-20,PK,Pakistan,EMRO,0,0,0,0
2020-01-21,PK,Pakistan,EMRO,0,0,0,0
2020-01-22,PK,Pakistan,EMRO,0,0,0,0
2020-01-23,PK,Pakistan,EMRO,0,0,0,0
2020-01-24,PK,Pakistan,EMRO,0,0,0,0
2020-01-25,PK,Pakistan,EMRO,0,0,0,0
2020-01-26,PK,Pakistan,EMRO,0,0,0,0
2020-01-27,PK,Pakistan,EMRO,0,0,0,0
2020-01-28,PK,Pakistan,EMRO,0,0,0,0
2020-01-29,PK,Pakistan,EMRO,0,0,0,0
2020-01-30,PK,Pakistan,EMRO,0,0,0,0
2020-01-31,PK,Pakistan,EMRO,0,0,0,0
2020-02-01,PK,Pakistan,EMRO,0,0,0,0
2020-02-02,PK,Pakistan,EMRO,0,0,0,0
2020-02-03,PK,Pakistan,EMRO,0,0,0,0
2020-02-04,PK,Pakistan,EMRO,0,0,0,0
2020-02-05,PK,Pakistan,EMRO,0,0,0,0
2020-02-06,PK,Pakistan,EMRO,0,0,0,0
2020-02-07,PK,Pakistan,EMRO,0,0,0,0
2020-02-08,PK,Pakistan,EMRO,0,0,0,0
2020-02-09,PK,Pakistan,EMRO,0,0,0,0
2020-02-10,PK,Pakistan,EMRO,0,0,0,0
2020-02-11,PK,Pakistan,EMRO,0,0,0,0
2020-02-12,PK,Pakistan,EMRO,0,0,0,0
2020-02-13,PK,Pakistan,EMRO,0,0,0,0
2020-02-14,PK,Pakistan,EMRO,0,0,0,0
2020-02-15,PK,Pakistan,EMRO,0,0,0,0
2020-02-16,PK,Pakistan,EMRO,0,0,0,0
2020-02-17,PK,Pakistan,EMRO,0,0,0,0
2020-02-18,PK,Pakistan,EMRO,0,0,0,0
2020-02-19,PK,Pakistan,EMRO,0,0,0,0
2020-02-20,PK,Pakistan,EMRO,0,0,0,0
2020-02-21,PK,Pakistan,EMRO,0,0,0,0
2020-02-22,PK,Pakistan,EMRO,0,0,0,0
2020-02-23,PK,Pakistan,EMRO,0,0,0,0
2020-02-24,PK,Pakistan,EMRO,0,0,0,0
2020-02-25,PK,Pakistan,EMRO,0,0,0,0
2020-02-26,PK,Pakistan,EMRO,6,6,0,0
2020-02-27,PK,Pakistan,EMRO,0,6,0,0
2020-02-28,PK,Pakistan,EMRO,0,6,0,0
2020-02-29,PK,Pakistan,EMRO,2,8,0,0
2020-03-01,PK,Pakistan,EMRO,0,8,0,0
2020-03-02,PK,Pakistan,EMRO,1,9,0,0
2020-03-03,PK,Pakistan,EMRO,0,9,0,0
2020-03-04,PK,Pakistan,EMRO,0,9,0,0
2020-03-05,PK,Pakistan,EMRO,0,9,0,0
2020-03-06,PK,Pakistan,EMRO,0,9,0,0
2020-03-07,PK,Pakistan,EMRO,0,9,0,0
2020-03-08,PK,Pakistan,EMRO,1,10,0,0
2020-03-09,PK,Pakistan,EMRO,0,10,0,0
2020-03-10,PK,Pakistan,EMRO,10,20,0,0
2020-03-11,PK,Pakistan,EMRO,3,23,0,0
2020-03-12,PK,Pakistan,EMRO,1,24,0,0
2020-03-13,PK,Pakistan,EMRO,0,24,0,0
2020-03-14,PK,Pakistan,EMRO,1,25,0,0
2020-03-15,PK,Pakistan,EMRO,31,56,0,0
2020-03-16,PK,Pakistan,EMRO,1,57,0,0
2020-03-17,PK,Pakistan,EMRO,134,191,0,0
2020-03-18,PK,Pakistan,EMRO,54,245,0,0
2020-03-19,PK,Pakistan,EMRO,61,306,2,2
2020-03-20,PK,Pakistan,EMRO,155,461,0,2
2020-03-21,PK,Pakistan,EMRO,34,495,1,3
2020-03-22,PK,Pakistan,EMRO,151,646,0,3
2020-03-23,PK,Pakistan,EMRO,138,784,2,5
2020-03-24,PK,Pakistan,EMRO,103,887,1,6
2020-03-25,PK,Pakistan,EMRO,104,991,1,7
2020-03-26,PK,Pakistan,EMRO,66,1057,1,8
2020-03-27,PK,Pakistan,EMRO,140,1197,1,9
2020-03-28,PK,Pakistan,EMRO,38,1235,0,9
2020-03-29,PK,Pakistan,EMRO,291,1526,4,13
2020-03-30,PK,Pakistan,EMRO,99,1625,5,18
2020-03-31,PK,Pakistan,EMRO,240,1865,7,25
2020-04-01,PK,Pakistan,EMRO,174,2039,1,26
2020-04-02,PK,Pakistan,EMRO,252,2291,5,31
2020-04-03,PK,Pakistan,EMRO,159,2450,4,35
2020-04-04,PK,Pakistan,EMRO,0,2450,0,35
2020-04-05,PK,Pakistan,EMRO,430,2880,10,45
2020-04-06,PK,Pakistan,EMRO,397,3277,5,50
2020-04-07,PK,Pakistan,EMRO,587,3864,4,54
2020-04-08,PK,Pakistan,EMRO,208,4072,4,58
2020-04-09,PK,Pakistan,EMRO,250,4322,5,63
2020-04-10,PK,Pakistan,EMRO,279,4601,3,66
2020-04-11,PK,Pakistan,EMRO,187,4788,5,71
2020-04-12,PK,Pakistan,EMRO,250,5038,15,86
2020-04-13,PK,Pakistan,EMRO,336,5374,7,93
2020-04-14,PK,Pakistan,EMRO,342,5716,3,96
2020-04-15,PK,Pakistan,EMRO,272,5988,11,107
2020-04-16,PK,Pakistan,EMRO,517,6505,17,124
2020-04-17,PK,Pakistan,EMRO,520,7025,11,135
2020-04-18,PK,Pakistan,EMRO,456,7481,8,143
2020-04-19,PK,Pakistan,EMRO,512,7993,16,159
2020-04-20,PK,Pakistan,EMRO,425,8418,17,176
2020-04-21,PK,Pakistan,EMRO,798,9216,16,192
2020-04-22,PK,Pakistan,EMRO,533,9749,17,209
2020-04-23,PK,Pakistan,EMRO,764,10513,15,224
2020-04-24,PK,Pakistan,EMRO,642,11155,13,237
2020-04-25,PK,Pakistan,EMRO,785,11940,16,253
2020-04-26,PK,Pakistan,EMRO,783,12723,16,269
2020-04-27,PK,Pakistan,EMRO,605,13328,12,281
2020-04-28,PK,Pakistan,EMRO,587,13915,11,292
2020-04-29,PK,Pakistan,EMRO,970,14885,35,327
2020-04-30,PK,Pakistan,EMRO,874,15759,19,346
2020-05-01,PK,Pakistan,EMRO,1058,16817,39,385
2020-05-02,PK,Pakistan,EMRO,1297,18114,32,417
2020-05-03,PK,Pakistan,EMRO,989,19103,23,440
2020-05-04,PK,Pakistan,EMRO,981,20084,17,457
2020-05-05,PK,Pakistan,EMRO,1417,21501,29,486
2020-05-06,PK,Pakistan,EMRO,1032,22533,40,526
2020-05-07,PK,Pakistan,EMRO,1540,24073,38,564
2020-05-08,PK,Pakistan,EMRO,1764,25837,30,594
2020-05-09,PK,Pakistan,EMRO,1637,27474,24,618
2020-05-10,PK,Pakistan,EMRO,1991,29465,21,639
2020-05-11,PK,Pakistan,EMRO,1476,30941,28,667
2020-05-12,PK,Pakistan,EMRO,1140,32081,39,706
2020-05-13,PK,Pakistan,EMRO,2180,34261,31,737
2020-05-14,PK,Pakistan,EMRO,1037,35298,24,761
2020-05-15,PK,Pakistan,EMRO,1920,37218,42,803
2020-05-16,PK,Pakistan,EMRO,1581,38799,31,834
2020-05-17,PK,Pakistan,EMRO,1352,40151,39,873
2020-05-18,PK,Pakistan,EMRO,1974,42125,30,903
2020-05-19,PK,Pakistan,EMRO,1841,43966,36,939
2020-05-20,PK,Pakistan,EMRO,1218,45184,46,985
2020-05-21,PK,Pakistan,EMRO,2907,48091,32,1017
2020-05-22,PK,Pakistan,EMRO,2603,50694,50,1067
2020-05-23,PK,Pakistan,EMRO,1743,52437,34,1101
2020-05-24,PK,Pakistan,EMRO,2164,54601,32,1133
2020-05-25,PK,Pakistan,EMRO,1748,56349,34,1167
2020-05-26,PK,Pakistan,EMRO,1356,57705,30,1197
2020-05-27,PK,Pakistan,EMRO,1446,59151,28,1225
2020-05-28,PK,Pakistan,EMRO,2076,61227,35,1260
2020-05-29,PK,Pakistan,EMRO,2801,64028,57,1317
2020-05-30,PK,Pakistan,EMRO,2429,66457,78,1395
2020-05-31,PK,Pakistan,EMRO,3039,69496,88,1483
2020-06-01,PK,Pakistan,EMRO,2964,72460,60,1543
2020-06-02,PK,Pakistan,EMRO,3938,76398,78,1621
2020-06-03,PK,Pakistan,EMRO,4065,80463,67,1688
2020-06-04,PK,Pakistan,EMRO,4801,85264,82,1770
2020-06-05,PK,Pakistan,EMRO,3985,89249,68,1838
2020-06-06,PK,Pakistan,EMRO,4734,93983,97,1935
2020-06-07,PK,Pakistan,EMRO,4960,98943,67,2002
2020-06-08,PK,Pakistan,EMRO,4728,103671,65,2067
2020-06-09,PK,Pakistan,EMRO,4646,108317,105,2172
2020-06-10,PK,Pakistan,EMRO,5385,113702,83,2255
2020-06-11,PK,Pakistan,EMRO,5834,119536,101,2356
2020-06-12,PK,Pakistan,EMRO,5985,125521,107,2463
2020-06-13,PK,Pakistan,EMRO,6884,132405,88,2551
2020-06-14,PK,Pakistan,EMRO,6825,139230,81,2632
2020-06-15,PK,Pakistan,EMRO,5248,144478,97,2729
2020-06-16,PK,Pakistan,EMRO,4443,148921,110,2839
2020-06-17,PK,Pakistan,EMRO,5839,154760,136,2975
2020-06-18,PK,Pakistan,EMRO,5358,160118,118,3093
2020-06-19,PK,Pakistan,EMRO,4944,165062,136,3229
2020-06-20,PK,Pakistan,EMRO,6604,171666,153,3382
2020-06-21,PK,Pakistan,EMRO,4951,176617,119,3501
2020-06-22,PK,Pakistan,EMRO,4471,181088,89,3590
2020-06-23,PK,Pakistan,EMRO,3946,185034,105,3695
2020-06-24,PK,Pakistan,EMRO,3892,188926,60,3755
2020-06-25,PK,Pakistan,EMRO,4044,192970,148,3903
2020-06-26,PK,Pakistan,EMRO,2775,195745,59,3962
2020-06-27,PK,Pakistan,EMRO,3138,198883,73,4035
2020-06-28,PK,Pakistan,EMRO,4072,202955,83,4118
2020-06-29,PK,Pakistan,EMRO,3557,206512,49,4167
2020-06-30,PK,Pakistan,EMRO,2825,209337,137,4304
2020-07-01,PK,Pakistan,EMRO,4133,213470,91,4395
2020-07-02,PK,Pakistan,EMRO,4339,217809,78,4473
2020-07-03,PK,Pakistan,EMRO,4087,221896,78,4551
2020-07-04,PK,Pakistan,EMRO,3387,225283,68,4619
2020-07-05,PK,Pakistan,EMRO,3191,228474,93,4712
2020-07-06,PK,Pakistan,EMRO,3344,231818,50,4762
2020-07-07,PK,Pakistan,EMRO,2691,234509,77,4839
2020-07-08,PK,Pakistan,EMRO,2980,237489,83,4922
2020-07-09,PK,Pakistan,EMRO,3359,240848,61,4983
2020-07-10,PK,Pakistan,EMRO,2748,243596,75,5058
2020-07-11,PK,Pakistan,EMRO,2755,246351,65,5123
2020-07-12,PK,Pakistan,EMRO,2521,248872,74,5197
2020-07-13,PK,Pakistan,EMRO,2753,251625,73,5270
2020-07-14,PK,Pakistan,EMRO,1979,253604,49,5319
2020-07-15,PK,Pakistan,EMRO,2165,255769,67,5386
2020-07-16,PK,Pakistan,EMRO,2145,257914,40,5426
2020-07-17,PK,Pakistan,EMRO,2085,259999,49,5475
2020-07-18,PK,Pakistan,EMRO,1918,261917,47,5522
2020-07-19,PK,Pakistan,EMRO,1579,263496,46,5568
2020-07-20,PK,Pakistan,EMRO,1587,265083,31,5599
2020-07-21,PK,Pakistan,EMRO,1013,266096,40,5639
2020-07-22,PK,Pakistan,EMRO,1332,267428,38,5677
2020-07-23,PK,Pakistan,EMRO,1763,269191,32,5709
2020-07-24,PK,Pakistan,EMRO,1209,270400,54,5763
2020-07-25,PK,Pakistan,EMRO,1487,271887,24,5787
2020-07-26,PK,Pakistan,EMRO,1226,273113,35,5822
2020-07-27,PK,Pakistan,EMRO,1176,274289,20,5842
2020-07-28,PK,Pakistan,EMRO,936,275225,23,5865
2020-07-29,PK,Pakistan,EMRO,1063,276288,27,5892
2020-07-30,PK,Pakistan,EMRO,1114,277402,32,5924
2020-07-31,PK,Pakistan,EMRO,903,278305,27,5951
2020-08-01,PK,Pakistan,EMRO,841,279146,19,5970
2020-08-02,PK,Pakistan,EMRO,553,279699,6,5976
2020-08-03,PK,Pakistan,EMRO,330,280029,8,5984
2020-08-04,PK,Pakistan,EMRO,432,280461,15,5999
2020-08-05,PK,Pakistan,EMRO,675,281136,15,6014
2020-08-06,PK,Pakistan,EMRO,727,281863,21,6035
2020-08-07,PK,Pakistan,EMRO,782,282645,19,6054
2020-08-08,PK,Pakistan,EMRO,842,283487,20,6074
2020-08-09,PK,Pakistan,EMRO,634,284121,8,6082
2020-08-10,PK,Pakistan,EMRO,539,284660,15,6097
2020-08-11,PK,Pakistan,EMRO,531,285191,15,6112
2020-08-12,PK,Pakistan,EMRO,730,285921,17,6129
2020-08-13,PK,Pakistan,EMRO,753,286674,10,6139
2020-08-14,PK,Pakistan,EMRO,626,287300,14,6153
2020-08-15,PK,Pakistan,EMRO,747,288047,9,6162
2020-08-16,PK,Pakistan,EMRO,670,288717,6,6168
2020-08-17,PK,Pakistan,EMRO,498,289215,7,6175
2020-08-18,PK,Pakistan,EMRO,617,289832,15,6190
2020-08-19,PK,Pakistan,EMRO,613,290445,11,6201
2020-08-20,PK,Pakistan,EMRO,513,290958,8,6209
2020-08-21,PK,Pakistan,EMRO,630,291588,10,6219
2020-08-22,PK,Pakistan,EMRO,586,292174,12,6231
2020-08-23,PK,Pakistan,EMRO,591,292765,4,6235
2020-08-24,PK,Pakistan,EMRO,496,293261,9,6244
2020-08-25,PK,Pakistan,EMRO,450,293711,11,6255
2020-08-26,PK,Pakistan,EMRO,482,294193,12,6267
2020-08-27,PK,Pakistan,EMRO,445,294638,7,6274
2020-08-28,PK,Pakistan,EMRO,415,295053,9,6283
2020-08-29,PK,Pakistan,EMRO,319,295372,1,6284
2020-08-30,PK,Pakistan,EMRO,264,295636,4,6288
2020-08-31,PK,Pakistan,EMRO,213,295849,6,6294
2020-09-01,PK,Pakistan,EMRO,300,296149,4,6298
2020-09-02,PK,Pakistan,EMRO,441,296590,20,6318
2020-09-03,PK,Pakistan,EMRO,424,297014,10,6328
2020-09-04,PK,Pakistan,EMRO,498,297512,7,6335
2020-09-05,PK,Pakistan,EMRO,513,298025,5,6340
2020-09-06,PK,Pakistan,EMRO,484,298509,2,6342
2020-09-07,PK,Pakistan,EMRO,394,298903,3,6345
2020-09-08,PK,Pakistan,EMRO,330,299233,5,6350
2020-09-09,PK,Pakistan,EMRO,426,299659,9,6359
2020-09-10,PK,Pakistan,EMRO,196,299855,6,6365
2020-09-11,PK,Pakistan,EMRO,516,300371,5,6370
2020-09-12,PK,Pakistan,EMRO,584,300955,3,6373
2020-09-13,PK,Pakistan,EMRO,526,301481,6,6379
2020-09-14,PK,Pakistan,EMRO,539,302020,4,6383
2020-09-15,PK,Pakistan,EMRO,404,302424,6,6389
2020-09-16,PK,Pakistan,EMRO,665,303089,4,6393
2020-09-17,PK,Pakistan,EMRO,545,303634,6,6399
2020-09-18,PK,Pakistan,EMRO,752,304386,9,6408
2020-09-19,PK,Pakistan,EMRO,645,305031,7,6415
2020-09-20,PK,Pakistan,EMRO,640,305671,1,6416
2020-09-21,PK,Pakistan,EMRO,633,306304,4,6420
2020-09-22,PK,Pakistan,EMRO,582,306886,4,6424
2020-09-23,PK,Pakistan,EMRO,532,307418,8,6432
2020-09-24,PK,Pakistan,EMRO,799,308217,5,6437
2020-09-25,PK,Pakistan,EMRO,798,309015,7,6444
2020-09-26,PK,Pakistan,EMRO,566,309581,7,6451
2020-09-27,PK,Pakistan,EMRO,694,310275,6,6457
2020-09-28,PK,Pakistan,EMRO,566,310841,9,6466
2020-09-29,PK,Pakistan,EMRO,675,311516,8,6474
2020-09-30,PK,Pakistan,EMRO,747,312263,5,6479
2020-10-01,PK,Pakistan,EMRO,543,312806,5,6484
2020-10-02,PK,Pakistan,EMRO,625,313431,15,6499
2020-10-03,PK,Pakistan,EMRO,553,313984,8,6507
2020-10-04,PK,Pakistan,EMRO,632,314616,6,6513
2020-10-05,PK,Pakistan,EMRO,644,315260,4,6517
2020-10-06,PK,Pakistan,EMRO,467,315727,6,6523
2020-10-07,PK,Pakistan,EMRO,624,316351,12,6535
2020-10-08,PK,Pakistan,EMRO,583,316934,9,6544
2020-10-09,PK,Pakistan,EMRO,661,317595,8,6552
2020-10-10,PK,Pakistan,EMRO,671,318266,6,6558
2020-10-11,PK,Pakistan,EMRO,666,318932,12,6570
2020-10-12,PK,Pakistan,EMRO,385,319317,10,6580
2020-10-13,PK,Pakistan,EMRO,531,319848,8,6588
2020-10-14,PK,Pakistan,EMRO,615,320463,13,6601
2020-10-15,PK,Pakistan,EMRO,755,321218,13,6614
2020-10-16,PK,Pakistan,EMRO,593,321811,7,6621
2020-10-17,PK,Pakistan,EMRO,641,322452,17,6638
2020-10-18,PK,Pakistan,EMRO,567,323019,16,6654
2020-10-19,PK,Pakistan,EMRO,440,323459,5,6659
2020-10-20,PK,Pakistan,EMRO,618,324077,14,6673
2020-10-21,PK,Pakistan,EMRO,0,324077,0,6673
2020-10-22,PK,Pakistan,EMRO,660,324737,19,6692
2020-10-23,PK,Pakistan,EMRO,736,325473,10,6702
2020-10-24,PK,Pakistan,EMRO,736,326209,13,6715
2020-10-25,PK,Pakistan,EMRO,847,327056,12,6727
2020-10-26,PK,Pakistan,EMRO,839,327895,9,6736
2020-10-27,PK,Pakistan,EMRO,707,328602,3,6739
2020-10-28,PK,Pakistan,EMRO,773,329375,6,6745
2020-10-29,PK,Pakistan,EMRO,825,330200,14,6759
2020-10-30,PK,Pakistan,EMRO,908,331108,16,6775
2020-10-31,PK,Pakistan,EMRO,1078,332186,20,6795
2020-11-01,PK,Pakistan,EMRO,807,332993,11,6806
2020-11-02,PK,Pakistan,EMRO,977,333970,17,6823
2020-11-03,PK,Pakistan,EMRO,1123,335093,12,6835
2020-11-04,PK,Pakistan,EMRO,1167,336260,14,6849
2020-11-05,PK,Pakistan,EMRO,1313,337573,18,6867
2020-11-06,PK,Pakistan,EMRO,1302,338875,26,6893
2020-11-07,PK,Pakistan,EMRO,1376,340251,30,6923
2020-11-08,PK,Pakistan,EMRO,1502,341753,20,6943
2020-11-09,PK,Pakistan,EMRO,1436,343189,25,6968
2020-11-10,PK,Pakistan,EMRO,1650,344839,9,6977
2020-11-11,PK,Pakistan,EMRO,1637,346476,23,7000
2020-11-12,PK,Pakistan,EMRO,1708,348184,21,7021
2020-11-13,PK,Pakistan,EMRO,1808,349992,34,7055
2020-11-14,PK,Pakistan,EMRO,2304,352296,37,7092
2020-11-15,PK,Pakistan,EMRO,2165,354461,17,7109
2020-11-16,PK,Pakistan,EMRO,2443,356904,32,7141
2020-11-17,PK,Pakistan,EMRO,2128,359032,19,7160
2020-11-18,PK,Pakistan,EMRO,2050,361082,33,7193
2020-11-19,PK,Pakistan,EMRO,2298,363380,37,7230
2020-11-20,PK,Pakistan,EMRO,2547,365927,18,7248
2020-11-21,PK,Pakistan,EMRO,2738,368665,313,7561
2020-11-22,PK,Pakistan,EMRO,2843,371508,42,7603
2020-11-23,PK,Pakistan,EMRO,2665,374173,59,7662
2020-11-24,PK,Pakistan,EMRO,2756,376929,34,7696
2020-11-25,PK,Pakistan,EMRO,2954,379883,48,7744
2020-11-26,PK,Pakistan,EMRO,3009,382892,59,7803
2020-11-27,PK,Pakistan,EMRO,3306,386198,40,7843
2020-11-28,PK,Pakistan,EMRO,3113,389311,54,7897
2020-11-29,PK,Pakistan,EMRO,3045,392356,45,7942
2020-11-30,PK,Pakistan,EMRO,2829,395185,43,7985
2020-12-01,PK,Pakistan,EMRO,2839,398024,40,8025
2020-12-02,PK,Pakistan,EMRO,2458,400482,66,8091
2020-12-03,PK,Pakistan,EMRO,2829,403311,75,8166
2020-12-04,PK,Pakistan,EMRO,3499,406810,39,8205
2020-12-05,PK,Pakistan,EMRO,3262,410072,55,8260
2020-12-06,PK,Pakistan,EMRO,3119,413191,43,8303
2020-12-07,PK,Pakistan,EMRO,3308,416499,58,8361
2020-12-08,PK,Pakistan,EMRO,3795,420294,37,8398
2020-12-09,PK,Pakistan,EMRO,2885,423179,89,8487
2020-12-10,PK,Pakistan,EMRO,2963,426142,60,8547
2020-12-11,PK,Pakistan,EMRO,3138,429280,56,8603
2020-12-12,PK,Pakistan,EMRO,3047,432327,50,8653
2020-12-13,PK,Pakistan,EMRO,2729,435056,71,8724
2020-12-14,PK,Pakistan,EMRO,3369,438425,72,8796
2020-12-15,PK,Pakistan,EMRO,2362,440787,36,8832
2020-12-16,PK,Pakistan,EMRO,2459,443246,73,8905
2020-12-17,PK,Pakistan,EMRO,2731,445977,105,9010
2020-12-18,PK,Pakistan,EMRO,2545,448522,70,9080
2020-12-19,PK,Pakistan,EMRO,2972,451494,84,9164
2020-12-20,PK,Pakistan,EMRO,3179,454673,86,9250
2020-12-21,PK,Pakistan,EMRO,2615,457288,80,9330
2020-12-22,PK,Pakistan,EMRO,1680,458968,62,9392
2020-12-23,PK,Pakistan,EMRO,1704,460672,82,9474
2020-12-24,PK,Pakistan,EMRO,2142,462814,83,9557
2020-12-25,PK,Pakistan,EMRO,2256,465070,111,9668
2020-12-26,PK,Pakistan,EMRO,2152,467222,85,9753
2020-12-27,PK,Pakistan,EMRO,2260,469482,63,9816
2020-12-28,PK,Pakistan,EMRO,1853,471335,58,9874
2020-12-29,PK,Pakistan,EMRO,1974,473309,55,9929
2020-12-30,PK,Pakistan,EMRO,1776,475085,63,9992
2020-12-31,PK,Pakistan,EMRO,2155,477240,55,10047
2021-01-01,PK,Pakistan,EMRO,2475,479715,58,10105
2021-01-02,PK,Pakistan,EMRO,2463,482178,71,10176
2021-01-03,PK,Pakistan,EMRO,2184,484362,82,10258
2021-01-04,PK,Pakistan,EMRO,2272,486634,53,10311
2021-01-05,PK,Pakistan,EMRO,1895,488529,39,10350
2021-01-06,PK,Pakistan,EMRO,1947,490476,59,10409
2021-01-07,PK,Pakistan,EMRO,2118,492594,52,10461
2021-01-08,PK,Pakistan,EMRO,2481,495075,50,10511
2021-01-09,PK,Pakistan,EMRO,2435,497510,47,10558
2021-01-10,PK,Pakistan,EMRO,2007,499517,40,10598
2021-01-11,PK,Pakistan,EMRO,2899,502416,46,10644
2021-01-12,PK,Pakistan,EMRO,1877,504293,32,10676
2021-01-13,PK,Pakistan,EMRO,2408,506701,41,10717
2021-01-14,PK,Pakistan,EMRO,2123,508824,55,10772
2021-01-15,PK,Pakistan,EMRO,3097,511921,46,10818
2021-01-16,PK,Pakistan,EMRO,2417,514338,45,10863
2021-01-17,PK,Pakistan,EMRO,2432,516770,45,10908
2021-01-18,PK,Pakistan,EMRO,2521,519291,43,10951
2021-01-19,PK,Pakistan,EMRO,1920,521211,46,10997
2021-01-20,PK,Pakistan,EMRO,1800,523011,58,11055
2021-01-21,PK,Pakistan,EMRO,1772,524783,48,11103
2021-01-22,PK,Pakistan,EMRO,2363,527146,54,11157
2021-01-23,PK,Pakistan,EMRO,1745,528891,47,11204
2021-01-24,PK,Pakistan,EMRO,1927,530818,43,11247
2021-01-25,PK,Pakistan,EMRO,1594,532412,48,11295
2021-01-26,PK,Pakistan,EMRO,1629,534041,23,11318
2021-01-27,PK,Pakistan,EMRO,1873,535914,58,11376
2021-01-28,PK,Pakistan,EMRO,1563,537477,74,11450
2021-01-29,PK,Pakistan,EMRO,1910,539387,64,11514
2021-01-30,PK,Pakistan,EMRO,1644,541031,46,11560
2021-01-31,PK,Pakistan,EMRO,2183,543214,63,11623
2021-02-01,PK,Pakistan,EMRO,1599,544813,34,11657
2021-02-02,PK,Pakistan,EMRO,1615,546428,26,11683
2021-02-03,PK,Pakistan,EMRO,1220,547648,63,11746
2021-02-04,PK,Pakistan,EMRO,1384,549032,56,11802
2021-02-05,PK,Pakistan,EMRO,1508,550540,31,11833
2021-02-06,PK,Pakistan,EMRO,1302,551842,53,11886
2021-02-07,PK,Pakistan,EMRO,1286,553128,28,11914
2021-02-08,PK,Pakistan,EMRO,1346,554474,53,11967
2021-02-09,PK,Pakistan,EMRO,1037,555511,59,12026
2021-02-10,PK,Pakistan,EMRO,1008,556519,40,12066
2021-02-11,PK,Pakistan,EMRO,1072,557591,62,12128
2021-02-12,PK,Pakistan,EMRO,1502,559093,57,12185
2021-02-13,PK,Pakistan,EMRO,1270,560363,33,12218
2021-02-14,PK,Pakistan,EMRO,1262,561625,58,12276
2021-02-15,PK,Pakistan,EMRO,1404,563029,31,12307
2021-02-16,PK,Pakistan,EMRO,1048,564077,26,12333
2021-02-17,PK,Pakistan,EMRO,747,564824,47,12380
2021-02-18,PK,Pakistan,EMRO,1165,565989,56,12436
2021-02-19,PK,Pakistan,EMRO,1272,567261,52,12488
2021-02-20,PK,Pakistan,EMRO,1245,568506,39,12527
2021-02-21,PK,Pakistan,EMRO,1340,569846,36,12563
2021-02-22,PK,Pakistan,EMRO,1328,571174,38,12601
2021-02-23,PK,Pakistan,EMRO,1160,572334,16,12617
2021-02-24,PK,Pakistan,EMRO,1050,573384,41,12658
2021-02-25,PK,Pakistan,EMRO,1196,574580,50,12708
2021-02-26,PK,Pakistan,EMRO,1361,575941,64,12772
2021-02-27,PK,Pakistan,EMRO,1541,577482,32,12804
2021-02-28,PK,Pakistan,EMRO,1315,578797,33,12837
2021-03-01,PK,Pakistan,EMRO,1176,579973,23,12860
2021-03-02,PK,Pakistan,EMRO,1392,581365,36,12896
2021-03-03,PK,Pakistan,EMRO,1163,582528,42,12938
2021-03-04,PK,Pakistan,EMRO,1388,583916,75,13013
2021-03-05,PK,Pakistan,EMRO,1519,585435,63,13076
2021-03-06,PK,Pakistan,EMRO,1579,587014,52,13128
2021-03-07,PK,Pakistan,EMRO,1714,588728,38,13166
2021-03-08,PK,Pakistan,EMRO,1780,590508,39,13205
2021-03-09,PK,Pakistan,EMRO,1592,592100,22,13227
2021-03-10,PK,Pakistan,EMRO,1353,593453,54,13281
2021-03-11,PK,Pakistan,EMRO,1786,595239,43,13324
2021-03-12,PK,Pakistan,EMRO,2258,597497,53,13377
2021-03-13,PK,Pakistan,EMRO,2701,600198,53,13430
2021-03-14,PK,Pakistan,EMRO,2338,602536,46,13476
2021-03-15,PK,Pakistan,EMRO,2664,605200,32,13508
2021-03-16,PK,Pakistan,EMRO,2253,607453,29,13537
2021-03-17,PK,Pakistan,EMRO,2511,609964,58,13595
2021-03-18,PK,Pakistan,EMRO,2351,612315,61,13656
2021-03-19,PK,Pakistan,EMRO,3495,615810,61,13717
2021-03-20,PK,Pakistan,EMRO,3449,619259,40,13757
2021-03-21,PK,Pakistan,EMRO,3876,623135,42,13799
2021-03-22,PK,Pakistan,EMRO,3667,626802,44,13843
2021-03-23,PK,Pakistan,EMRO,3669,630471,20,13863
2021-03-24,PK,Pakistan,EMRO,3270,633741,72,13935
2021-03-25,PK,Pakistan,EMRO,3301,637042,30,13965
2021-03-26,PK,Pakistan,EMRO,3946,640988,63,14028
2021-03-27,PK,Pakistan,EMRO,4368,645356,63,14091
2021-03-28,PK,Pakistan,EMRO,4468,649824,67,14158
2021-03-29,PK,Pakistan,EMRO,4767,654591,57,14215
2021-03-30,PK,Pakistan,EMRO,4525,659116,41,14256
2021-03-31,PK,Pakistan,EMRO,4084,663200,100,14356
2021-04-01,PK,Pakistan,EMRO,4757,667957,78,14434
2021-04-02,PK,Pakistan,EMRO,4974,672931,96,14530
2021-04-03,PK,Pakistan,EMRO,5234,678165,83,14613
2021-04-04,PK,Pakistan,EMRO,4723,682888,84,14697
2021-04-05,PK,Pakistan,EMRO,5020,687908,81,14778
2021-04-06,PK,Pakistan,EMRO,4323,692231,43,14821
2021-04-07,PK,Pakistan,EMRO,3953,696184,103,14924
2021-04-08,PK,Pakistan,EMRO,4004,700188,102,15026
2021-04-09,PK,Pakistan,EMRO,5329,705517,98,15124
2021-04-10,PK,Pakistan,EMRO,5312,710829,105,15229
2021-04-11,PK,Pakistan,EMRO,5139,715968,100,15329
2021-04-12,PK,Pakistan,EMRO,5050,721018,114,15443
2021-04-13,PK,Pakistan,EMRO,4584,725602,58,15501
2021-04-14,PK,Pakistan,EMRO,4318,729920,118,15619
2021-04-15,PK,Pakistan,EMRO,4503,734423,135,15754
2021-04-16,PK,Pakistan,EMRO,5395,739818,118,15872
2021-04-17,PK,Pakistan,EMRO,5364,745182,110,15982
2021-04-18,PK,Pakistan,EMRO,4976,750158,112,16094
2021-04-19,PK,Pakistan,EMRO,6127,756285,149,16243
2021-04-20,PK,Pakistan,EMRO,5152,761437,73,16316
2021-04-21,PK,Pakistan,EMRO,5445,766882,137,16453
2021-04-22,PK,Pakistan,EMRO,5499,772381,147,16600
2021-04-23,PK,Pakistan,EMRO,5857,778238,98,16698
2021-04-24,PK,Pakistan,EMRO,5870,784108,144,16842
2021-04-25,PK,Pakistan,EMRO,5908,790016,157,16999
2021-04-26,PK,Pakistan,EMRO,5611,795627,118,17117
2021-04-27,PK,Pakistan,EMRO,4825,800452,70,17187
2021-04-28,PK,Pakistan,EMRO,4487,804939,142,17329
2021-04-29,PK,Pakistan,EMRO,5292,810231,201,17530
2021-04-30,PK,Pakistan,EMRO,5480,815711,150,17680
2021-05-01,PK,Pakistan,EMRO,5112,820823,131,17811
2021-05-02,PK,Pakistan,EMRO,4696,825519,146,17957
2021-05-03,PK,Pakistan,EMRO,4414,829933,113,18070
2021-05-04,PK,Pakistan,EMRO,4213,834146,79,18149
2021-05-05,PK,Pakistan,EMRO,3377,837523,161,18310
2021-05-06,PK,Pakistan,EMRO,4113,841636,119,18429
2021-05-07,PK,Pakistan,EMRO,4197,845833,108,18537
2021-05-08,PK,Pakistan,EMRO,4298,850131,140,18677
2021-05-09,PK,Pakistan,EMRO,4109,854240,120,18797
2021-05-10,PK,Pakistan,EMRO,3786,858026,118,18915
2021-05-11,PK,Pakistan,EMRO,3447,861473,78,18993
2021-05-12,PK,Pakistan,EMRO,3084,864557,113,19106
2021-05-13,PK,Pakistan,EMRO,2881,867438,104,19210
2021-05-14,PK,Pakistan,EMRO,3265,870703,126,19336
2021-05-15,PK,Pakistan,EMRO,2517,873220,48,19384
2021-05-16,PK,Pakistan,EMRO,1531,874751,83,19467
2021-05-17,PK,Pakistan,EMRO,2379,877130,76,19543
2021-05-18,PK,Pakistan,EMRO,3232,880362,74,19617
2021-05-19,PK,Pakistan,EMRO,2566,882928,135,19752
2021-05-20,PK,Pakistan,EMRO,3256,886184,104,19856
2021-05-21,PK,Pakistan,EMRO,4207,890391,131,19987
2021-05-22,PK,Pakistan,EMRO,3070,893461,102,20089
2021-05-23,PK,Pakistan,EMRO,4007,897468,88,20177
2021-05-24,PK,Pakistan,EMRO,3084,900552,74,20251
2021-05-25,PK,Pakistan,EMRO,3047,903599,57,20308
2021-05-26,PK,Pakistan,EMRO,2253,905852,92,20400
2021-05-27,PK,Pakistan,EMRO,2724,908576,65,20465
2021-05-28,PK,Pakistan,EMRO,2726,911302,75,20540
2021-05-29,PK,Pakistan,EMRO,2482,913784,67,20607
2021-05-30,PK,Pakistan,EMRO,2455,916239,73,20680
2021-05-31,PK,Pakistan,EMRO,2697,918936,56,20736
2021-06-01,PK,Pakistan,EMRO,2117,921053,43,20779
2021-06-02,PK,Pakistan,EMRO,1771,922824,71,20850
2021-06-03,PK,Pakistan,EMRO,1843,924667,80,20930
2021-06-04,PK,Pakistan,EMRO,2028,926695,92,21022
2021-06-05,PK,Pakistan,EMRO,1893,928588,83,21105
2021-06-06,PK,Pakistan,EMRO,1923,930511,84,21189
2021-06-07,PK,Pakistan,EMRO,1629,932140,76,21265
2021-06-08,PK,Pakistan,EMRO,1490,933630,58,21323
2021-06-09,PK,Pakistan,EMRO,1383,935013,53,21376
2021-06-10,PK,Pakistan,EMRO,1118,936131,77,21453
2021-06-11,PK,Pakistan,EMRO,1303,937434,76,21529
2021-06-12,PK,Pakistan,EMRO,1303,938737,47,21576
2021-06-13,PK,Pakistan,EMRO,1194,939931,57,21633
2021-06-14,PK,Pakistan,EMRO,1239,941170,56,21689
2021-06-15,PK,Pakistan,EMRO,1019,942189,34,21723
2021-06-16,PK,Pakistan,EMRO,838,943027,59,21782
2021-06-17,PK,Pakistan,EMRO,1038,944065,46,21828
2021-06-18,PK,Pakistan,EMRO,1119,945184,46,21874
2021-06-19,PK,Pakistan,EMRO,1043,946227,39,21913
2021-06-20,PK,Pakistan,EMRO,991,947218,27,21940
2021-06-21,PK,Pakistan,EMRO,1050,948268,37,21977
2021-06-22,PK,Pakistan,EMRO,907,949175,30,22007
2021-06-23,PK,Pakistan,EMRO,663,949838,27,22034
2021-06-24,PK,Pakistan,EMRO,930,950768,39,22073
2021-06-25,PK,Pakistan,EMRO,1097,951865,35,22108
2021-06-26,PK,Pakistan,EMRO,1052,952917,44,22152
2021-06-27,PK,Pakistan,EMRO,925,953842,36,22188
2021-06-28,PK,Pakistan,EMRO,901,954743,23,22211
2021-06-29,PK,Pakistan,EMRO,914,955657,20,22231
2021-06-30,PK,Pakistan,EMRO,735,956392,23,22254
2021-07-01,PK,Pakistan,EMRO,979,957371,27,22281
2021-07-02,PK,Pakistan,EMRO,1037,958408,40,22321
2021-07-03,PK,Pakistan,EMRO,1277,959685,24,22345
2021-07-04,PK,Pakistan,EMRO,1400,961085,34,22379
2021-07-05,PK,Pakistan,EMRO,1228,962313,29,22408
2021-07-06,PK,Pakistan,EMRO,1347,963660,19,22427
2021-07-07,PK,Pakistan,EMRO,830,964490,25,22452
2021-07-08,PK,Pakistan,EMRO,1517,966007,17,22469
2021-07-09,PK,Pakistan,EMRO,1626,967633,24,22493
2021-07-10,PK,Pakistan,EMRO,1843,969476,27,22520
2021-07-11,PK,Pakistan,EMRO,1828,971304,35,22555
2021-07-12,PK,Pakistan,EMRO,1980,973284,27,22582
2021-07-13,PK,Pakistan,EMRO,1808,975092,15,22597
2021-07-14,PK,Pakistan,EMRO,1590,976682,21,22618
2021-07-15,PK,Pakistan,EMRO,1980,978662,24,22642
2021-07-16,PK,Pakistan,EMRO,2545,981207,47,22689
2021-07-17,PK,Pakistan,EMRO,2327,983534,31,22720
2021-07-18,PK,Pakistan,EMRO,3134,986668,40,22760
2021-07-19,PK,Pakistan,EMRO,2607,989275,21,22781
2021-07-20,PK,Pakistan,EMRO,2452,991727,30,22811
2021-07-21,PK,Pakistan,EMRO,2145,993872,37,22848
2021-07-22,PK,Pakistan,EMRO,2579,996451,40,22888
2021-07-23,PK,Pakistan,EMRO,2158,998609,40,22928
2021-07-24,PK,Pakistan,EMRO,1425,1000034,11,22939
2021-07-25,PK,Pakistan,EMRO,1841,1001875,32,22971
2021-07-26,PK,Pakistan,EMRO,2819,1004694,45,23016
2021-07-27,PK,Pakistan,EMRO,3752,1008446,32,23048
2021-07-28,PK,Pakistan,EMRO,3262,1011708,39,23087
2021-07-29,PK,Pakistan,EMRO,4119,1015827,46,23133
2021-07-30,PK,Pakistan,EMRO,4497,1020324,76,23209
2021-07-31,PK,Pakistan,EMRO,4537,1024861,86,23295
2021-08-01,PK,Pakistan,EMRO,4950,1029811,65,23360
2021-08-02,PK,Pakistan,EMRO,5026,1034837,62,23422
2021-08-03,PK,Pakistan,EMRO,4858,1039695,40,23462
2021-08-04,PK,Pakistan,EMRO,3582,1043277,67,23529
2021-08-05,PK,Pakistan,EMRO,4722,1047999,46,23575
2021-08-06,PK,Pakistan,EMRO,5661,1053660,60,23635
2021-08-07,PK,Pakistan,EMRO,4745,1058405,67,23702
2021-08-08,PK,Pakistan,EMRO,4720,1063125,95,23797
2021-08-09,PK,Pakistan,EMRO,4455,1067580,68,23865
2021-08-10,PK,Pakistan,EMRO,4040,1071620,53,23918
2021-08-11,PK,Pakistan,EMRO,3884,1075504,86,24004
2021-08-12,PK,Pakistan,EMRO,4856,1080360,81,24085
2021-08-13,PK,Pakistan,EMRO,4934,1085294,102,24187
2021-08-14,PK,Pakistan,EMRO,4619,1089913,79,24266
2021-08-15,PK,Pakistan,EMRO,4786,1094699,73,24339
2021-08-16,PK,Pakistan,EMRO,3711,1098410,67,24406
2021-08-17,PK,Pakistan,EMRO,3669,1102079,72,24478
2021-08-18,PK,Pakistan,EMRO,3221,1105300,95,24573
2021-08-19,PK,Pakistan,EMRO,3974,1109274,66,24639
2021-08-20,PK,Pakistan,EMRO,4373,1113647,74,24713
2021-08-21,PK,Pakistan,EMRO,3239,1116886,70,24783
2021-08-22,PK,Pakistan,EMRO,3084,1119970,65,24848
2021-08-23,PK,Pakistan,EMRO,3842,1123812,75,24923
2021-08-24,PK,Pakistan,EMRO,3772,1127584,80,25003
2021-08-25,PK,Pakistan,EMRO,4075,1131659,91,25094
2021-08-26,PK,Pakistan,EMRO,4199,1135858,141,25235
2021-08-27,PK,Pakistan,EMRO,4553,1140411,85,25320
2021-08-28,PK,Pakistan,EMRO,4056,1144467,95,25415
2021-08-29,PK,Pakistan,EMRO,4105,1148572,120,25535
2021-08-30,PK,Pakistan,EMRO,3909,1152481,69,25604
2021-08-31,PK,Pakistan,EMRO,3800,1156281,66,25670
2021-09-01,PK,Pakistan,EMRO,3838,1160119,118,25788
2021-09-02,PK,Pakistan,EMRO,3559,1163678,101,25889
2021-09-03,PK,Pakistan,EMRO,4103,1167781,89,25978
2021-09-04,PK,Pakistan,EMRO,3787,1171568,57,26035
2021-09-05,PK,Pakistan,EMRO,3980,1175548,79,26114
2021-09-06,PK,Pakistan,EMRO,3757,1179305,61,26175
2021-09-07,PK,Pakistan,EMRO,3613,1182918,57,26232
2021-09-08,PK,Pakistan,EMRO,3316,1186234,98,26330
2021-09-09,PK,Pakistan,EMRO,3902,1190136,83,26413
2021-09-10,PK,Pakistan,EMRO,4062,1194198,84,26497
2021-09-11,PK,Pakistan,EMRO,3689,1197887,83,26580
2021-09-12,PK,Pakistan,EMRO,3480,1201367,82,26662
2021-09-13,PK,Pakistan,EMRO,3153,1204520,58,26720
2021-09-14,PK,Pakistan,EMRO,2988,1207508,67,26787
2021-09-15,PK,Pakistan,EMRO,2574,1210082,78,26865
2021-09-16,PK,Pakistan,EMRO,2727,1212809,73,26938
2021-09-17,PK,Pakistan,EMRO,3012,1215821,66,27004
2021-09-18,PK,Pakistan,EMRO,2928,1218749,68,27072
2021-09-19,PK,Pakistan,EMRO,2512,1221261,63,27135
2021-09-20,PK,Pakistan,EMRO,2580,1223841,71,27206
2021-09-21,PK,Pakistan,EMRO,2167,1226008,40,27246
2021-09-22,PK,Pakistan,EMRO,1897,1227905,81,27327
2021-09-23,PK,Pakistan,EMRO,2333,1230238,47,27374
2021-09-24,PK,Pakistan,EMRO,2357,1232595,58,27432
2021-09-25,PK,Pakistan,EMRO,2233,1234828,50,27482
2021-09-26,PK,Pakistan,EMRO,2060,1236888,42,27524
2021-09-27,PK,Pakistan,EMRO,1780,1238668,42,27566
2021-09-28,PK,Pakistan,EMRO,1757,1240425,31,27597
2021-09-29,PK,Pakistan,EMRO,1400,1241825,41,27638
2021-09-30,PK,Pakistan,EMRO,1560,1243385,52,27690
2021-10-01,PK,Pakistan,EMRO,1742,1245127,39,27729
2021-10-02,PK,Pakistan,EMRO,1411,1246538,56,27785
2021-10-03,PK,Pakistan,EMRO,1664,1248202,46,27831
2021-10-04,PK,Pakistan,EMRO,1656,1249858,35,27866
2021-10-05,PK,Pakistan,EMRO,1490,1251348,27,27893
2021-10-06,PK,Pakistan,EMRO,1308,1252656,54,27947
2021-10-07,PK,Pakistan,EMRO,1212,1253868,39,27986
2021-10-08,PK,Pakistan,EMRO,1453,1255321,46,28032
2021-10-09,PK,Pakistan,EMRO,912,1256233,26,28058
2021-10-10,PK,Pakistan,EMRO,955,1257188,29,28087
2021-10-11,PK,Pakistan,EMRO,767,1257955,19,28106
2021-10-12,PK,Pakistan,EMRO,1004,1258959,28,28134
2021-10-13,PK,Pakistan,EMRO,689,1259648,18,28152
2021-10-14,PK,Pakistan,EMRO,1021,1260669,21,28173
2021-10-15,PK,Pakistan,EMRO,1016,1261685,28,28201
2021-10-16,PK,Pakistan,EMRO,1086,1262771,27,28228
2021-10-17,PK,Pakistan,EMRO,893,1263664,24,28252
2021-10-18,PK,Pakistan,EMRO,720,1264384,17,28269
2021-10-19,PK,Pakistan,EMRO,663,1265047,11,28280
2021-10-20,PK,Pakistan,EMRO,603,1265650,20,28300
2021-10-21,PK,Pakistan,EMRO,554,1266204,12,28312
2021-10-22,PK,Pakistan,EMRO,622,1266826,16,28328
2021-10-23,PK,Pakistan,EMRO,567,1267393,16,28344
2021-10-24,PK,Pakistan,EMRO,552,1267945,15,28359
2021-10-25,PK,Pakistan,EMRO,591,1268536,18,28377
2021-10-26,PK,Pakistan,EMRO,698,1269234,9,28386
2021-10-27,PK,Pakistan,EMRO,572,1269806,6,28392
2021-10-28,PK,Pakistan,EMRO,516,1270322,13,28405
2021-10-29,PK,Pakistan,EMRO,705,1271027,9,28414
2021-10-30,PK,Pakistan,EMRO,660,1271687,15,28429
2021-10-31,PK,Pakistan,EMRO,658,1272345,10,28439
2021-11-01,PK,Pakistan,EMRO,733,1273078,10,28449
2021-11-02,PK,Pakistan,EMRO,482,1273560,7,28456
2021-11-03,PK,Pakistan,EMRO,457,1274017,10,28466
2021-11-04,PK,Pakistan,EMRO,561,1274578,11,28477
2021-11-05,PK,Pakistan,EMRO,580,1275158,19,28496
2021-11-06,PK,Pakistan,EMRO,515,1275673,11,28507
2021-11-07,PK,Pakistan,EMRO,567,1276240,11,28518
2021-11-08,PK,Pakistan,EMRO,471,1276711,20,28538
2021-11-09,PK,Pakistan,EMRO,449,1277160,9,28547
2021-11-10,PK,Pakistan,EMRO,400,1277560,11,28558
2021-11-11,PK,Pakistan,EMRO,554,1278114,8,28566
2021-11-12,PK,Pakistan,EMRO,637,1278751,9,28575
2021-11-13,PK,Pakistan,EMRO,391,1279142,9,28584
2021-11-14,PK,Pakistan,EMRO,231,1279373,11,28595
2021-11-15,PK,Pakistan,EMRO,263,1279636,11,28606
2021-11-16,PK,Pakistan,EMRO,240,1279876,6,28612
2021-11-17,PK,Pakistan,EMRO,216,1280092,6,28618
2021-11-18,PK,Pakistan,EMRO,270,1280362,10,28628
2021-11-19,PK,Pakistan,EMRO,460,1280822,10,28638
2021-11-20,PK,Pakistan,EMRO,418,1281240,10,28648
2021-11-21,PK,Pakistan,EMRO,319,1281559,7,28655
2021-11-22,PK,Pakistan,EMRO,313,1281872,4,28659
2021-11-23,PK,Pakistan,EMRO,322,1282194,3,28662
2021-11-24,PK,Pakistan,EMRO,315,1282509,5,28667
2021-11-25,PK,Pakistan,EMRO,351,1282860,10,28677
2021-11-26,PK,Pakistan,EMRO,363,1283223,13,28690
2021-11-27,PK,Pakistan,EMRO,252,1283475,7,28697
2021-11-28,PK,Pakistan,EMRO,411,1283886,7,28704
2021-11-29,PK,Pakistan,EMRO,303,1284189,5,28709
2021-11-30,PK,Pakistan,EMRO,176,1284365,9,28718
2021-12-01,PK,Pakistan,EMRO,475,1284840,10,28728
2021-12-02,PK,Pakistan,EMRO,414,1285254,9,28737
2021-12-03,PK,Pakistan,EMRO,377,1285631,8,28745
2021-12-04,PK,Pakistan,EMRO,391,1286022,8,28753
2021-12-05,PK,Pakistan,EMRO,431,1286453,8,28761
2021-12-06,PK,Pakistan,EMRO,372,1286825,6,28767
2021-12-07,PK,Pakistan,EMRO,336,1287161,10,28777
2021-12-08,PK,Pakistan,EMRO,232,1287393,7,28784
2021-12-09,PK,Pakistan,EMRO,310,1287703,9,28793
2021-12-10,PK,Pakistan,EMRO,350,1288053,10,28803
2021-12-11,PK,Pakistan,EMRO,313,1288366,9,28812
2021-12-12,PK,Pakistan,EMRO,395,1288761,11,28823
2021-12-13,PK,Pakistan,EMRO,288,1289049,7,28830
2021-12-14,PK,Pakistan,EMRO,244,1289293,6,28836
2021-12-15,PK,Pakistan,EMRO,250,1289543,3,28839
2021-12-16,PK,Pakistan,EMRO,370,1289913,4,28843
2021-12-17,PK,Pakistan,EMRO,301,1290214,6,28849
2021-12-18,PK,Pakistan,EMRO,277,1290491,14,28863
2021-12-19,PK,Pakistan,EMRO,357,1290848,7,28870
2021-12-20,PK,Pakistan,EMRO,260,1291108,2,28872
2021-12-21,PK,Pakistan,EMRO,359,1291467,6,28878
2021-12-22,PK,Pakistan,EMRO,270,1291737,4,28882
2021-12-23,PK,Pakistan,EMRO,310,1292047,10,28892
2021-12-24,PK,Pakistan,EMRO,359,1292406,2,28894
2021-12-25,PK,Pakistan,EMRO,322,1292728,4,28898
2021-12-26,PK,Pakistan,EMRO,353,1293081,7,28905
2021-12-27,PK,Pakistan,EMRO,359,1293440,2,28907
2021-12-28,PK,Pakistan,EMRO,275,1293715,2,28909
2021-12-29,PK,Pakistan,EMRO,316,1294031,3,28912
2021-12-30,PK,Pakistan,EMRO,348,1294379,6,28918
2021-12-31,PK,Pakistan,EMRO,482,1294861,3,28921
2022-01-01,PK,Pakistan,EMRO,515,1295376,6,28927
2022-01-02,PK,Pakistan,EMRO,557,1295933,6,28933
2022-01-03,PK,Pakistan,EMRO,594,1296527,8,28941
2022-01-04,PK,Pakistan,EMRO,708,1297235,2,28943
2022-01-05,PK,Pakistan,EMRO,630,1297865,2,28945
2022-01-06,PK,Pakistan,EMRO,898,1298763,5,28950
2022-01-07,PK,Pakistan,EMRO,1085,1299848,5,28955
2022-01-08,PK,Pakistan,EMRO,1293,1301141,6,28961
2022-01-09,PK,Pakistan,EMRO,1345,1302486,1,28962
2022-01-10,PK,Pakistan,EMRO,1572,1304058,7,28969
2022-01-11,PK,Pakistan,EMRO,1649,1305707,3,28972
2022-01-12,PK,Pakistan,EMRO,1467,1307174,2,28974
2022-01-13,PK,Pakistan,EMRO,2074,1309248,13,28987
2022-01-14,PK,Pakistan,EMRO,3019,1312267,5,28992
2022-01-15,PK,Pakistan,EMRO,3567,1315834,7,28999
2022-01-16,PK,Pakistan,EMRO,4286,1320120,4,29003
2022-01-17,PK,Pakistan,EMRO,4027,1324147,9,29012
2022-01-18,PK,Pakistan,EMRO,4340,1328487,7,29019
2022-01-19,PK,Pakistan,EMRO,5034,1333521,10,29029
2022-01-20,PK,Pakistan,EMRO,5472,1338993,8,29037
2022-01-21,PK,Pakistan,EMRO,6808,1345801,5,29042
2022-01-22,PK,Pakistan,EMRO,7678,1353479,23,29065
2022-01-23,PK,Pakistan,EMRO,6540,1360019,12,29077
2022-01-24,PK,Pakistan,EMRO,7586,1367605,20,29097
2022-01-25,PK,Pakistan,EMRO,7195,1374800,8,29105
2022-01-26,PK,Pakistan,EMRO,6352,1381152,17,29122
2022-01-27,PK,Pakistan,EMRO,5196,1386348,15,29137
2022-01-28,PK,Pakistan,EMRO,7539,1393887,25,29162
2022-01-29,PK,Pakistan,EMRO,8183,1402070,30,29192
2022-01-30,PK,Pakistan,EMRO,7963,1410033,27,29219
2022-01-31,PK,Pakistan,EMRO,7958,1417991,29,29248
2022-02-01,PK,Pakistan,EMRO,7048,1425039,21,29269
2022-02-02,PK,Pakistan,EMRO,5327,1430366,32,29301
2022-02-03,PK,Pakistan,EMRO,6067,1436433,29,29330
2022-02-04,PK,Pakistan,EMRO,5853,1442286,42,29372
2022-02-05,PK,Pakistan,EMRO,6377,1448663,48,29420
2022-02-06,PK,Pakistan,EMRO,6236,1454899,28,29448
2022-02-07,PK,Pakistan,EMRO,4874,1459773,30,29478
2022-02-08,PK,Pakistan,EMRO,3338,1463111,38,29516
2022-02-09,PK,Pakistan,EMRO,2799,1465910,37,29553
2022-02-10,PK,Pakistan,EMRO,4251,1470161,48,29601
2022-02-11,PK,Pakistan,EMRO,3914,1474075,47,29648
2022-02-12,PK,Pakistan,EMRO,3498,1477573,39,29687
2022-02-13,PK,Pakistan,EMRO,3019,1480592,44,29731
2022-02-14,PK,Pakistan,EMRO,3206,1483798,41,29772
2022-02-15,PK,Pakistan,EMRO,2563,1486361,29,29801
2022-02-16,PK,Pakistan,EMRO,2597,1488958,27,29828
2022-02-17,PK,Pakistan,EMRO,2465,1491423,49,29877
2022-02-18,PK,Pakistan,EMRO,2870,1494293,40,29917
2022-02-19,PK,Pakistan,EMRO,2400,1496693,33,29950
2022-02-20,PK,Pakistan,EMRO,1983,1498676,26,29976
2022-02-21,PK,Pakistan,EMRO,1644,1500320,33,30009
2022-02-22,PK,Pakistan,EMRO,1360,1501680,31,30040
2022-02-23,PK,Pakistan,EMRO,961,1502641,13,30053
2022-02-24,PK,Pakistan,EMRO,1232,1503873,43,30096
2022-02-25,PK,Pakistan,EMRO,1455,1505328,18,30114
2022-02-26,PK,Pakistan,EMRO,1122,1506450,25,30139
2022-02-27,PK,Pakistan,EMRO,1207,1507657,14,30153
2022-02-28,PK,Pakistan,EMRO,847,1508504,20,30173
2022-03-01,PK,Pakistan,EMRO,856,1509360,5,30178
2022-03-02,PK,Pakistan,EMRO,861,1510221,18,30196
2022-03-03,PK,Pakistan,EMRO,765,1510986,22,30218
2022-03-04,PK,Pakistan,EMRO,768,1511754,19,30237
2022-03-05,PK,Pakistan,EMRO,953,1512707,11,30248
2022-03-06,PK,Pakistan,EMRO,796,1513503,10,30258
2022-03-07,PK,Pakistan,EMRO,755,1514258,7,30265
2022-03-08,PK,Pakistan,EMRO,756,1515014,7,30272
2022-03-09,PK,Pakistan,EMRO,378,1515392,9,30281
2022-03-10,PK,Pakistan,EMRO,758,1516150,6,30287
2022-03-11,PK,Pakistan,EMRO,639,1516789,4,30291
2022-03-12,PK,Pakistan,EMRO,723,1517512,7,30298
2022-03-13,PK,Pakistan,EMRO,571,1518083,6,30304
2022-03-14,PK,Pakistan,EMRO,609,1518692,3,30307
2022-03-15,PK,Pakistan,EMRO,462,1519154,2,30309
2022-03-16,PK,Pakistan,EMRO,473,1519627,4,30313
2022-03-17,PK,Pakistan,EMRO,493,1520120,4,30317
2022-03-18,PK,Pakistan,EMRO,514,1520634,2,30319
2022-03-19,PK,Pakistan,EMRO,396,1521030,7,30326
2022-03-20,PK,Pakistan,EMRO,483,1521513,2,30328
2022-03-21,PK,Pakistan,EMRO,375,1521888,1,30329
2022-03-22,PK,Pakistan,EMRO,303,1522191,2,30331
2022-03-23,PK,Pakistan,EMRO,228,1522419,2,30333
2022-03-24,PK,Pakistan,EMRO,443,1522862,0,30333
2022-03-25,PK,Pakistan,EMRO,210,1523072,0,30333
2022-03-26,PK,Pakistan,EMRO,329,1523401,3,30336
2022-03-27,PK,Pakistan,EMRO,189,1523590,4,30340
2022-03-28,PK,Pakistan,EMRO,310,1523900,5,30345
2022-03-29,PK,Pakistan,EMRO,186,1524086,1,30346
2022-03-30,PK,Pakistan,EMRO,269,1524355,1,30347
2022-03-31,PK,Pakistan,EMRO,194,1524549,2,30349
2022-04-01,PK,Pakistan,EMRO,244,1524793,6,30355
2022-04-02,PK,Pakistan,EMRO,180,1524973,4,30359
2022-04-03,PK,Pakistan,EMRO,208,1525181,1,30360
2022-04-04,PK,Pakistan,EMRO,285,1525466,1,30361
2022-04-05,PK,Pakistan,EMRO,154,1525620,0,30361
2022-04-06,PK,Pakistan,EMRO,155,1525775,0,30361
2022-04-07,PK,Pakistan,EMRO,148,1525923,0,30361
2022-04-08,PK,Pakistan,EMRO,170,1526093,0,30361
2022-04-09,PK,Pakistan,EMRO,141,1526234,0,30361
2022-04-10,PK,Pakistan,EMRO,238,1526472,0,30361
2022-04-11,PK,Pakistan,EMRO,96,1526568,0,30361
2022-04-12,PK,Pakistan,EMRO,98,1526666,0,30361
2022-04-13,PK,Pakistan,EMRO,62,1526728,1,30362
2022-04-14,PK,Pakistan,EMRO,101,1526829,0,30362
2022-04-15,PK,Pakistan,EMRO,123,1526952,0,30362
2022-04-16,PK,Pakistan,EMRO,123,1527075,1,30363
2022-04-17,PK,Pakistan,EMRO,76,1527151,0,30363
2022-04-18,PK,Pakistan,EMRO,97,1527248,0,30363
2022-04-19,PK,Pakistan,EMRO,78,1527326,1,30364
2022-04-20,PK,Pakistan,EMRO,85,1527411,0,30364
2022-04-21,PK,Pakistan,EMRO,75,1527486,4,30368
2022-04-22,PK,Pakistan,EMRO,103,1527589,0,30368
2022-04-23,PK,Pakistan,EMRO,80,1527669,0,30368
2022-04-24,PK,Pakistan,EMRO,82,1527751,1,30369
2022-04-25,PK,Pakistan,EMRO,105,1527856,0,30369
2022-04-26,PK,Pakistan,EMRO,100,1527956,0,30369
2022-04-27,PK,Pakistan,EMRO,0,1527956,0,30369
2022-04-28,PK,Pakistan,EMRO,0,1527956,0,30369
2022-04-29,PK,Pakistan,EMRO,0,1527956,0,30369
2022-04-30,PK,Pakistan,EMRO,0,1527956,0,30369
2022-05-01,PK,Pakistan,EMRO,0,1527956,0,30369
2022-05-02,PK,Pakistan,EMRO,0,1527956,0,30369
2022-05-03,PK,Pakistan,EMRO,0,1527956,0,30369
2022-05-04,PK,Pakistan,EMRO,0,1527956,0,30369
2022-05-05,PK,Pakistan,EMRO,0,1527956,0,30369
2022-05-06,PK,Pakistan,EMRO,0,1527956,0,30369
2022-05-07,PK,Pakistan,EMRO,0,1527956,0,30369
2022-05-08,PK,Pakistan,EMRO,0,1527956,0,30369
2022-05-09,PK,Pakistan,EMRO,0,1527956,0,30369
2022-05-10,PK,Pakistan,EMRO,846,1528802,6,30375
2022-05-11,PK,Pakistan,EMRO,31,1528833,0,30375
2022-05-12,PK,Pakistan,EMRO,0,1528833,0,30375
2022-05-13,PK,Pakistan,EMRO,0,1528833,0,30375
2022-05-14,PK,Pakistan,EMRO,249,1529082,1,30376
2022-05-15,PK,Pakistan,EMRO,85,1529167,0,30376
2022-05-16,PK,Pakistan,EMRO,84,1529251,0,30376
2022-05-17,PK,Pakistan,EMRO,102,1529353,0,30376
2022-05-18,PK,Pakistan,EMRO,52,1529405,2,30378
2022-05-19,PK,Pakistan,EMRO,66,1529471,0,30378
2022-05-20,PK,Pakistan,EMRO,89,1529560,1,30379
2022-05-21,PK,Pakistan,EMRO,81,1529641,0,30379
2022-05-22,PK,Pakistan,EMRO,70,1529711,0,30379
2022-05-23,PK,Pakistan,EMRO,16,1529727,0,30379
2022-05-24,PK,Pakistan,EMRO,110,1529837,0,30379
2022-05-25,PK,Pakistan,EMRO,61,1529898,0,30379
2022-05-26,PK,Pakistan,EMRO,92,1529990,0,30379
2022-05-27,PK,Pakistan,EMRO,76,1530066,0,30379
2022-05-28,PK,Pakistan,EMRO,79,1530145,0,30379
2022-05-29,PK,Pakistan,EMRO,90,1530235,0,30379
2022-05-30,PK,Pakistan,EMRO,50,1530285,0,30379
2022-05-31,PK,Pakistan,EMRO,48,1530333,0,30379
2022-06-01,PK,Pakistan,EMRO,54,1530387,0,30379
2022-06-02,PK,Pakistan,EMRO,66,1530453,0,30379
2022-06-03,PK,Pakistan,EMRO,67,1530520,0,30379
2022-06-04,PK,Pakistan,EMRO,36,1530556,0,30379
2022-06-05,PK,Pakistan,EMRO,94,1530650,0,30379
2022-06-06,PK,Pakistan,EMRO,55,1530705,0,30379
2022-06-07,PK,Pakistan,EMRO,59,1530764,0,30379
2022-06-08,PK,Pakistan,EMRO,50,1530814,0,30379
2022-06-09,PK,Pakistan,EMRO,64,1530878,0,30379
2022-06-10,PK,Pakistan,EMRO,89,1530967,0,30379
2022-06-11,PK,Pakistan,EMRO,72,1531039,2,30381
2022-06-12,PK,Pakistan,EMRO,73,1531112,0,30381
2022-06-13,PK,Pakistan,EMRO,67,1531179,0,30381
2022-06-14,PK,Pakistan,EMRO,94,1531273,0,30381
2022-06-15,PK,Pakistan,EMRO,54,1531327,0,30381
2022-06-16,PK,Pakistan,EMRO,110,1531437,0,30381
2022-06-17,PK,Pakistan,EMRO,144,1531581,1,30382
2022-06-18,PK,Pakistan,EMRO,98,1531679,1,30383
2022-06-19,PK,Pakistan,EMRO,151,1531830,0,30383
2022-06-20,PK,Pakistan,EMRO,152,1531982,0,30383
2022-06-21,PK,Pakistan,EMRO,171,1532153,0,30383
2022-06-22,PK,Pakistan,EMRO,113,1532266,1,30384
2022-06-23,PK,Pakistan,EMRO,204,1532470,0,30384
2022-06-24,PK,Pakistan,EMRO,268,1532738,1,30385
2022-06-25,PK,Pakistan,EMRO,309,1533047,0,30385
2022-06-26,PK,Pakistan,EMRO,435,1533482,1,30386
2022-06-27,PK,Pakistan,EMRO,406,1533888,2,30388
2022-06-28,PK,Pakistan,EMRO,382,1534270,2,30390
2022-06-29,PK,Pakistan,EMRO,333,1534603,2,30392
2022-06-30,PK,Pakistan,EMRO,541,1535144,1,30393
2022-07-01,PK,Pakistan,EMRO,641,1535785,2,30395
2022-07-02,PK,Pakistan,EMRO,694,1536479,0,30395
2022-07-03,PK,Pakistan,EMRO,818,1537297,4,30399
2022-07-04,PK,Pakistan,EMRO,650,1537947,2,30401
2022-07-05,PK,Pakistan,EMRO,675,1538622,2,30403
2022-07-06,PK,Pakistan,EMRO,653,1539275,0,30403
2022-07-07,PK,Pakistan,EMRO,805,1540080,1,30404
2022-07-08,PK,Pakistan,EMRO,872,1540952,9,30413
2022-07-09,PK,Pakistan,EMRO,693,1541645,0,30413
2022-07-10,PK,Pakistan,EMRO,732,1542377,7,30420
2022-07-11,PK,Pakistan,EMRO,502,1542879,1,30421
2022-07-12,PK,Pakistan,EMRO,371,1543250,2,30423
2022-07-13,PK,Pakistan,EMRO,255,1543505,1,30424
2022-07-14,PK,Pakistan,EMRO,236,1543741,0,30424
2022-07-15,PK,Pakistan,EMRO,390,1544131,2,30426
2022-07-16,PK,Pakistan,EMRO,779,1544910,2,30428
2022-07-17,PK,Pakistan,EMRO,737,1545647,10,30438
2022-07-18,PK,Pakistan,EMRO,605,1546252,2,30440
2022-07-19,PK,Pakistan,EMRO,492,1546744,5,30445
2022-07-20,PK,Pakistan,EMRO,459,1547203,0,30445
2022-07-21,PK,Pakistan,EMRO,592,1547795,7,30452
2022-07-22,PK,Pakistan,EMRO,599,1548394,3,30455
2022-07-23,PK,Pakistan,EMRO,679,1549073,7,30462
2022-07-24,PK,Pakistan,EMRO,693,1549766,2,30464
2022-07-25,PK,Pakistan,EMRO,532,1550298,3,30467
2022-07-26,PK,Pakistan,EMRO,582,1550880,2,30469
2022-07-27,PK,Pakistan,EMRO,371,1551251,1,30470
2022-07-28,PK,Pakistan,EMRO,620,1551871,4,30474
2022-07-29,PK,Pakistan,EMRO,761,1552632,8,30482
2022-07-30,PK,Pakistan,EMRO,693,1553325,1,30483
2022-07-31,PK,Pakistan,EMRO,605,1553930,3,30486
2022-08-01,PK,Pakistan,EMRO,661,1554591,1,30487
2022-08-02,PK,Pakistan,EMRO,656,1555247,1,30488
2022-08-03,PK,Pakistan,EMRO,392,1555639,2,30490
2022-08-04,PK,Pakistan,EMRO,806,1556445,9,30499
2022-08-05,PK,Pakistan,EMRO,689,1557134,4,30503
2022-08-06,PK,Pakistan,EMRO,750,1557884,2,30505
2022-08-07,PK,Pakistan,EMRO,673,1558557,0,30505
2022-08-08,PK,Pakistan,EMRO,644,1559201,0,30505
2022-08-09,PK,Pakistan,EMRO,628,1559829,3,30508
2022-08-10,PK,Pakistan,EMRO,421,1560250,0,30508
2022-08-11,PK,Pakistan,EMRO,352,1560602,0,30508
2022-08-12,PK,Pakistan,EMRO,353,1560955,1,30509
2022-08-13,PK,Pakistan,EMRO,624,1561579,11,30520
2022-08-14,PK,Pakistan,EMRO,728,1562307,3,30523
2022-08-15,PK,Pakistan,EMRO,581,1562888,4,30527
2022-08-16,PK,Pakistan,EMRO,459,1563347,2,30529
2022-08-17,PK,Pakistan,EMRO,358,1563705,8,30537
2022-08-18,PK,Pakistan,EMRO,526,1564231,5,30542
2022-08-19,PK,Pakistan,EMRO,578,1564809,2,30544
2022-08-20,PK,Pakistan,EMRO,510,1565319,4,30548
2022-08-21,PK,Pakistan,EMRO,449,1565768,2,30550
2022-08-22,PK,Pakistan,EMRO,468,1566236,2,30552
2022-08-23,PK,Pakistan,EMRO,416,1566652,3,30555
2022-08-24,PK,Pakistan,EMRO,217,1566869,2,30557
2022-08-25,PK,Pakistan,EMRO,278,1567147,2,30559
2022-08-26,PK,Pakistan,EMRO,313,1567460,4,30563
2022-08-27,PK,Pakistan,EMRO,433,1567893,6,30569
2022-08-28,PK,Pakistan,EMRO,290,1568183,2,30571
2022-08-29,PK,Pakistan,EMRO,270,1568453,3,30574
2022-08-30,PK,Pakistan,EMRO,0,1568453,0,30574
2022-08-31,PK,Pakistan,EMRO,396,1568849,1,30575
2022-09-01,PK,Pakistan,EMRO,227,1569076,6,30581
2022-09-02,PK,Pakistan,EMRO,219,1569295,1,30582
2022-09-03,PK,Pakistan,EMRO,242,1569537,4,30586
2022-09-04,PK,Pakistan,EMRO,251,1569788,2,30588
2022-09-05,PK,Pakistan,EMRO,228,1570016,3,30591
2022-09-06,PK,Pakistan,EMRO,190,1570206,2,30593
2022-09-07,PK,Pakistan,EMRO,98,1570304,0,30593
2022-09-08,PK,Pakistan,EMRO,158,1570462,1,30594
2022-09-09,PK,Pakistan,EMRO,174,1570636,0,30594
2022-09-10,PK,Pakistan,EMRO,160,1570796,4,30598
2022-09-11,PK,Pakistan,EMRO,156,1570952,1,30599
2022-09-12,PK,Pakistan,EMRO,139,1571091,0,30599
2022-09-13,PK,Pakistan,EMRO,105,1571196,0,30599
2022-09-14,PK,Pakistan,EMRO,99,1571295,1,30600
2022-09-15,PK,Pakistan,EMRO,235,1571530,4,30604
2022-09-16,PK,Pakistan,EMRO,0,1571530,0,30604
2022-09-17,PK,Pakistan,EMRO,98,1571628,0,30604
2022-09-18,PK,Pakistan,EMRO,104,1571732,1,30605
2022-09-19,PK,Pakistan,EMRO,90,1571822,1,30606
2022-09-20,PK,Pakistan,EMRO,72,1571894,1,30607
2022-09-21,PK,Pakistan,EMRO,0,1571894,0,30607
2022-09-22,PK,Pakistan,EMRO,215,1572109,2,30609
2022-09-23,PK,Pakistan,EMRO,93,1572202,2,30611
2022-09-24,PK,Pakistan,EMRO,0,1572202,0,30611
2022-09-25,PK,Pakistan,EMRO,67,1572269,1,30612
2022-09-26,PK,Pakistan,EMRO,47,1572316,0,30612
2022-09-27,PK,Pakistan,EMRO,55,1572371,0,30612
2022-09-28,PK,Pakistan,EMRO,39,1572410,0,30612
2022-09-29,PK,Pakistan,EMRO,0,1572410,0,30612
2022-09-30,PK,Pakistan,EMRO,145,1572555,1,30613
2022-10-01,PK,Pakistan,EMRO,43,1572598,3,30616
2022-10-02,PK,Pakistan,EMRO,164,1572762,0,30616
2022-10-03,PK,Pakistan,EMRO,0,1572762,0,30616
2022-10-04,PK,Pakistan,EMRO,0,1572762,0,30616
2022-10-05,PK,Pakistan,EMRO,16,1572778,3,30619
2022-10-06,PK,Pakistan,EMRO,0,1572778,0,30619
2022-10-07,PK,Pakistan,EMRO,0,1572778,0,30619
2022-10-08,PK,Pakistan,EMRO,143,1572921,4,30623
2022-10-09,PK,Pakistan,EMRO,51,1572972,0,30623
2022-10-10,PK,Pakistan,EMRO,0,1572972,0,30623
2022-10-11,PK,Pakistan,EMRO,0,1572972,0,30623
2022-10-12,PK,Pakistan,EMRO,0,1572972,0,30623
2022-10-13,PK,Pakistan,EMRO,0,1572972,0,30623
2022-10-14,PK,Pakistan,EMRO,0,1572972,0,30623
2022-10-15,PK,Pakistan,EMRO,0,1572972,0,30623
2022-10-16,PK,Pakistan,EMRO,347,1573319,0,30623
2022-10-17,PK,Pakistan,EMRO,0,1573319,0,30623
2022-10-18,PK,Pakistan,EMRO,0,1573319,0,30623
2022-10-19,PK,Pakistan,EMRO,0,1573319,0,30623
2022-10-20,PK,Pakistan,EMRO,0,1573319,0,30623
2022-10-21,PK,Pakistan,EMRO,0,1573319,0,30623
2022-10-22,PK,Pakistan,EMRO,0,1573319,0,30623
2022-10-23,PK,Pakistan,EMRO,0,1573319,0,30623
2022-10-24,PK,Pakistan,EMRO,0,1573319,0,30623
2022-10-25,PK,Pakistan,EMRO,0,1573319,0,30623
2022-10-26,PK,Pakistan,EMRO,406,1573725,1,30624
2022-10-27,PK,Pakistan,EMRO,0,1573725,0,30624
2022-10-28,PK,Pakistan,EMRO,0,1573725,0,30624
2022-10-29,PK,Pakistan,EMRO,0,1573725,0,30624
2022-10-30,PK,Pakistan,EMRO,0,1573725,0,30624
2022-10-31,PK,Pakistan,EMRO,0,1573725,0,30624
2022-11-01,PK,Pakistan,EMRO,342,1574067,5,30629
2022-11-02,PK,Pakistan,EMRO,27,1574094,0,30629
2022-11-03,PK,Pakistan,EMRO,73,1574167,0,30629
2022-11-04,PK,Pakistan,EMRO,68,1574235,0,30629
2022-11-05,PK,Pakistan,EMRO,40,1574275,0,30629
2022-11-06,PK,Pakistan,EMRO,46,1574321,0,30629
2022-11-07,PK,Pakistan,EMRO,38,1574359,0,30629
2022-11-08,PK,Pakistan,EMRO,48,1574407,0,30629
2022-11-09,PK,Pakistan,EMRO,25,1574432,0,30629
2022-11-10,PK,Pakistan,EMRO,38,1574470,0,30629
2022-11-11,PK,Pakistan,EMRO,38,1574508,0,30629
2022-11-12,PK,Pakistan,EMRO,41,1574549,0,30629
2022-11-13,PK,Pakistan,EMRO,47,1574596,0,30629
2022-11-14,PK,Pakistan,EMRO,42,1574638,0,30629
2022-11-15,PK,Pakistan,EMRO,41,1574679,0,30629
2022-11-16,PK,Pakistan,EMRO,32,1574711,0,30629
2022-11-17,PK,Pakistan,EMRO,32,1574743,0,30629
2022-11-18,PK,Pakistan,EMRO,57,1574800,1,30630
2022-11-19,PK,Pakistan,EMRO,67,1574867,0,30630
2022-11-20,PK,Pakistan,EMRO,29,1574896,0,30630
2022-11-21,PK,Pakistan,EMRO,0,1574896,0,30630
2022-11-22,PK,Pakistan,EMRO,17,1574913,0,30630
2022-11-23,PK,Pakistan,EMRO,25,1574938,0,30630
2022-11-24,PK,Pakistan,EMRO,27,1574965,0,30630
2022-11-25,PK,Pakistan,EMRO,0,1574965,0,30630
2022-11-26,PK,Pakistan,EMRO,0,1574965,0,30630
2022-11-27,PK,Pakistan,EMRO,0,1574965,0,30630
2022-11-28,PK,Pakistan,EMRO,131,1575096,0,30630
2022-11-29,PK,Pakistan,EMRO,28,1575124,0,30630
2022-11-30,PK,Pakistan,EMRO,22,1575146,1,30631
2022-12-01,PK,Pakistan,EMRO,39,1575185,0,30631
2022-12-02,PK,Pakistan,EMRO,64,1575249,1,30632
2022-12-03,PK,Pakistan,EMRO,24,1575273,0,30632
2022-12-04,PK,Pakistan,EMRO,17,1575290,0,30632
2022-12-05,PK,Pakistan,EMRO,0,1575290,0,30632
2022-12-06,PK,Pakistan,EMRO,39,1575329,0,30632
2022-12-07,PK,Pakistan,EMRO,25,1575354,0,30632
2022-12-08,PK,Pakistan,EMRO,28,1575382,2,30634
2022-12-09,PK,Pakistan,EMRO,24,1575406,0,30634
2022-12-10,PK,Pakistan,EMRO,18,1575424,1,30635
2022-12-11,PK,Pakistan,EMRO,0,1575424,0,30635
2022-12-12,PK,Pakistan,EMRO,0,1575424,0,30635
2022-12-13,PK,Pakistan,EMRO,0,1575424,0,30635
2022-12-14,PK,Pakistan,EMRO,0,1575424,0,30635
2022-12-15,PK,Pakistan,EMRO,0,1575424,0,30635
2022-12-16,PK,Pakistan,EMRO,0,1575424,0,30635
2022-12-17,PK,Pakistan,EMRO,0,1575424,0,30635
2022-12-18,PK,Pakistan,EMRO,62,1575486,0,30635
2022-12-19,PK,Pakistan,EMRO,0,1575486,0,30635
2022-12-20,PK,Pakistan,EMRO,0,1575486,0,30635
2022-12-21,PK,Pakistan,EMRO,0,1575486,0,30635
2022-12-22,PK,Pakistan,EMRO,0,1575486,0,30635
2022-12-23,PK,Pakistan,EMRO,0,1575486,0,30635
2022-12-24,PK,Pakistan,EMRO,0,1575486,0,30635
2022-12-25,PK,Pakistan,EMRO,165,1575651,0,30635
2022-12-26,PK,Pakistan,EMRO,0,1575651,0,30635
2022-12-27,PK,Pakistan,EMRO,0,1575651,0,30635
2022-12-28,PK,Pakistan,EMRO,0,1575651,0,30635
2022-12-29,PK,Pakistan,EMRO,0,1575651,0,30635
2022-12-30,PK,Pakistan,EMRO,0,1575651,0,30635
2022-12-31,PK,Pakistan,EMRO,0,1575651,0,30635
2023-01-01,PK,Pakistan,EMRO,0,1575651,0,30635
2023-01-02,PK,Pakistan,EMRO,0,1575651,0,30635
2023-01-03,PK,Pakistan,EMRO,154,1575805,1,30636
2023-01-04,PK,Pakistan,EMRO,0,1575805,0,30636
2023-01-05,PK,Pakistan,EMRO,49,1575854,2,30638
2023-01-06,PK,Pakistan,EMRO,33,1575887,0,30638
2023-01-07,PK,Pakistan,EMRO,23,1575910,0,30638
2023-01-08,PK,Pakistan,EMRO,0,1575910,0,30638
2023-01-09,PK,Pakistan,EMRO,42,1575952,0,30638
2023-01-10,PK,Pakistan,EMRO,17,1575969,1,30639
2023-01-11,PK,Pakistan,EMRO,7,1575976,0,30639
2023-01-12,PK,Pakistan,EMRO,15,1575991,0,30639
2023-01-13,PK,Pakistan,EMRO,26,1576017,0,30639
2023-01-14,PK,Pakistan,EMRO,20,1576037,0,30639
2023-01-15,PK,Pakistan,EMRO,0,1576037,0,30639
2023-01-16,PK,Pakistan,EMRO,32,1576069,1,30640
2023-01-17,PK,Pakistan,EMRO,11,1576080,0,30640
2023-01-18,PK,Pakistan,EMRO,5,1576085,0,30640
2023-01-19,PK,Pakistan,EMRO,24,1576109,0,30640
2023-01-20,PK,Pakistan,EMRO,17,1576126,0,30640
2023-01-21,PK,Pakistan,EMRO,40,1576166,0,30640
2023-01-22,PK,Pakistan,EMRO,9,1576175,0,30640
2023-01-23,PK,Pakistan,EMRO,0,1576175,0,30640
2023-01-24,PK,Pakistan,EMRO,10,1576185,0,30640
2023-01-25,PK,Pakistan,EMRO,3,1576188,0,30640
2023-01-26,PK,Pakistan,EMRO,12,1576200,0,30640
2023-01-27,PK,Pakistan,EMRO,21,1576221,0,30640
2023-01-28,PK,Pakistan,EMRO,14,1576235,0,30640
2023-01-29,PK,Pakistan,EMRO,0,1576235,0,30640
2023-01-30,PK,Pakistan,EMRO,0,1576235,0,30640
2023-01-31,PK,Pakistan,EMRO,0,1576235,0,30640
2023-02-01,PK,Pakistan,EMRO,58,1576293,0,30640
2023-02-02,PK,Pakistan,EMRO,19,1576312,0,30640
2023-02-03,PK,Pakistan,EMRO,19,1576331,0,30640
2023-02-04,PK,Pakistan,EMRO,12,1576343,0,30640
2023-02-05,PK,Pakistan,EMRO,0,1576343,0,30640
2023-02-06,PK,Pakistan,EMRO,0,1576343,0,30640
2023-02-07,PK,Pakistan,EMRO,54,1576397,0,30640
2023-02-08,PK,Pakistan,EMRO,29,1576426,0,30640
2023-02-09,PK,Pakistan,EMRO,0,1576426,0,30640
2023-02-10,PK,Pakistan,EMRO,17,1576443,0,30640
2023-02-11,PK,Pakistan,EMRO,51,1576494,0,30640
2023-02-12,PK,Pakistan,EMRO,22,1576516,0,30640
2023-02-13,PK,Pakistan,EMRO,22,1576538,0,30640
2023-02-14,PK,Pakistan,EMRO,0,1576538,0,30640
2023-02-15,PK,Pakistan,EMRO,13,1576551,0,30640
2023-02-16,PK,Pakistan,EMRO,21,1576572,0,30640
2023-02-17,PK,Pakistan,EMRO,31,1576603,1,30641
2023-02-18,PK,Pakistan,EMRO,37,1576640,0,30641
2023-02-19,PK,Pakistan,EMRO,17,1576657,0,30641
2023-02-20,PK,Pakistan,EMRO,30,1576687,0,30641
2023-02-21,PK,Pakistan,EMRO,17,1576704,0,30641
2023-02-22,PK,Pakistan,EMRO,32,1576736,0,30641
2023-02-23,PK,Pakistan,EMRO,0,1576736,0,30641
2023-02-24,PK,Pakistan,EMRO,59,1576795,0,30641
2023-02-25,PK,Pakistan,EMRO,0,1576795,0,30641
2023-02-26,PK,Pakistan,EMRO,120,1576915,2,30643
2023-02-27,PK,Pakistan,EMRO,23,1576938,0,30643
2023-02-28,PK,Pakistan,EMRO,23,1576961,0,30643
2023-03-01,PK,Pakistan,EMRO,37,1576998,0,30643
2023-03-02,PK,Pakistan,EMRO,32,1577030,0,30643
2023-03-03,PK,Pakistan,EMRO,0,1577030,0,30643
2023-03-04,PK,Pakistan,EMRO,42,1577072,0,30643
2023-03-05,PK,Pakistan,EMRO,0,1577072,0,30643
2023-03-06,PK,Pakistan,EMRO,91,1577163,0,30643
2023-03-07,PK,Pakistan,EMRO,50,1577213,0,30643
2023-03-08,PK,Pakistan,EMRO,0,1577213,0,30643
2023-03-09,PK,Pakistan,EMRO,30,1577243,0,30643
2023-03-10,PK,Pakistan,EMRO,45,1577288,1,30644
2023-03-11,PK,Pakistan,EMRO,194,1577482,0,30644
2023-03-12,PK,Pakistan,EMRO,77,1577559,1,30645
2023-03-13,PK,Pakistan,EMRO,87,1577646,0,30645
2023-03-14,PK,Pakistan,EMRO,0,1577646,0,30645
2023-03-15,PK,Pakistan,EMRO,53,1577699,0,30645
2023-03-16,PK,Pakistan,EMRO,85,1577784,0,30645
2023-03-17,PK,Pakistan,EMRO,129,1577913,0,30645
2023-03-18,PK,Pakistan,EMRO,242,1578155,0,30645
2023-03-19,PK,Pakistan,EMRO,103,1578258,0,30645
2023-03-20,PK,Pakistan,EMRO,100,1578358,0,30645
2023-03-21,PK,Pakistan,EMRO,0,1578358,0,30645
2023-03-22,PK,Pakistan,EMRO,105,1578463,0,30645
2023-03-23,PK,Pakistan,EMRO,136,1578599,1,30646
2023-03-24,PK,Pakistan,EMRO,0,1578599,0,30646
2023-03-25,PK,Pakistan,EMRO,0,1578599,0,30646
2023-03-26,PK,Pakistan,EMRO,0,1578599,0,30646
2023-03-27,PK,Pakistan,EMRO,0,1578599,0,30646
2023-03-28,PK,Pakistan,EMRO,646,1579245,3,30649
2023-03-29,PK,Pakistan,EMRO,50,1579295,0,30649
2023-03-30,PK,Pakistan,EMRO,109,1579404,0,30649
2023-03-31,PK,Pakistan,EMRO,115,1579519,0,30649
2023-04-01,PK,Pakistan,EMRO,185,1579704,0,30649
2023-04-02,PK,Pakistan,EMRO,55,1579759,0,30649
2023-04-03,PK,Pakistan,EMRO,55,1579814,0,30649
2023-04-04,PK,Pakistan,EMRO,0,1579814,0,30649
2023-04-05,PK,Pakistan,EMRO,0,1579814,0,30649
2023-04-06,PK,Pakistan,EMRO,0,1579814,0,30649
